DPTO_NORM,AREA,CARRERAS_AREA_TOTAL,CARRERAS_AREA_PRES
ALTO PARAGUAY,Administración de empresas y derecho,1,1.0
ALTO PARAGUAY,Educación,1,1.0
ALTO PARANA,1141,1,1.0
ALTO PARANA,1223,2,2.0
ALTO PARANA,2434,1,1.0
ALTO PARANA,2438,2,2.0
ALTO PARANA,2468,1,1.0
ALTO PARANA,2605,7,7.0
ALTO PARANA,2607,2,2.0
ALTO PARANA,2704,1,1.0
ALTO PARANA,2712,1,1.0
ALTO PARANA,2719,1,1.0
ALTO PARANA,2776,7,7.0
ALTO PARANA,2818,18,18.0
ALTO PARANA,2834,1,1.0
ALTO PARANA,286,1,1.0
ALTO PARANA,2974,1,1.0
ALTO PARANA,3077,3,1.0
ALTO PARANA,3078,1,1.0
ALTO PARANA,3079,5,4.0
ALTO PARANA,3136,4,3.0
ALTO PARANA,3231,1,1.0
ALTO PARANA,3232,3,3.0
ALTO PARANA,3257,3,3.0
ALTO PARANA,3315,1,1.0
ALTO PARANA,3339,3,3.0
ALTO PARANA,3343,2,2.0
ALTO PARANA,3345,1,1.0
ALTO PARANA,3362,1,1.0
ALTO PARANA,3434,1,1.0
ALTO PARANA,3460,1,1.0
ALTO PARANA,3470,1,1.0
ALTO PARANA,3477,1,0.0
ALTO PARANA,3488,1,1.0
ALTO PARANA,3495,1,1.0
ALTO PARANA,3519,10,6.0
ALTO PARANA,359,1,1.0
ALTO PARANA,3672,2,2.0
ALTO PARANA,3708,2,2.0
ALTO PARANA,371,1,1.0
ALTO PARANA,3715,2,2.0
ALTO PARANA,3717,2,2.0
ALTO PARANA,3722,3,3.0
ALTO PARANA,3723,1,1.0
ALTO PARANA,3733,2,2.0
ALTO PARANA,3756,2,2.0
ALTO PARANA,3757,2,2.0
ALTO PARANA,3758,2,2.0
ALTO PARANA,3759,2,2.0
ALTO PARANA,3760,2,2.0
ALTO PARANA,3761,2,2.0
ALTO PARANA,3762,2,2.0
ALTO PARANA,3763,2,2.0
ALTO PARANA,3764,2,2.0
ALTO PARANA,3765,2,2.0
ALTO PARANA,3766,2,2.0
ALTO PARANA,3768,2,2.0
ALTO PARANA,3769,2,2.0
ALTO PARANA,3770,1,1.0
ALTO PARANA,3771,1,1.0
ALTO PARANA,3772,1,1.0
ALTO PARANA,3773,1,1.0
ALTO PARANA,3774,1,1.0
ALTO PARANA,3775,1,1.0
ALTO PARANA,380,1,1.0
ALTO PARANA,3979,1,1.0
ALTO PARANA,3985,1,1.0
ALTO PARANA,4004,1,1.0
ALTO PARANA,4009,1,1.0
ALTO PARANA,4012,1,1.0
ALTO PARANA,4027,1,1.0
ALTO PARANA,4123,1,1.0
ALTO PARANA,4125,2,2.0
ALTO PARANA,4159,1,1.0
ALTO PARANA,4173,1,1.0
ALTO PARANA,4197,2,2.0
ALTO PARANA,4211,1,1.0
ALTO PARANA,4224,1,1.0
ALTO PARANA,4247,8,6.0
ALTO PARANA,4251,1,1.0
ALTO PARANA,4256,3,3.0
ALTO PARANA,4259,60,60.0
ALTO PARANA,4260,8,8.0
ALTO PARANA,4263,10,10.0
ALTO PARANA,4264,15,15.0
ALTO PARANA,4265,1,1.0
ALTO PARANA,4298,11,5.0
ALTO PARANA,4299,1,1.0
ALTO PARANA,4334,2,2.0
ALTO PARANA,4343,6,6.0
ALTO PARANA,4344,1,1.0
ALTO PARANA,4357,1,1.0
ALTO PARANA,4366,1,0.0
ALTO PARANA,4405,1,1.0
ALTO PARANA,4417,2,2.0
ALTO PARANA,4418,1,1.0
ALTO PARANA,4419,1,1.0
ALTO PARANA,4420,1,1.0
ALTO PARANA,4428,3,3.0
ALTO PARANA,4433,1,1.0
ALTO PARANA,4458,1,1.0
ALTO PARANA,4473,9,7.0
ALTO PARANA,4480,1,1.0
ALTO PARANA,4484,1,0.0
ALTO PARANA,4495,1,1.0
ALTO PARANA,4496,1,1.0
ALTO PARANA,4524,2,2.0
ALTO PARANA,4526,1,0.0
ALTO PARANA,4547,9,7.0
ALTO PARANA,4580,1,0.0
ALTO PARANA,4581,1,0.0
ALTO PARANA,4582,1,1.0
ALTO PARANA,4587,1,0.0
ALTO PARANA,4601,1,0.0
ALTO PARANA,4608,1,1.0
ALTO PARANA,4622,1,1.0
ALTO PARANA,4636,1,1.0
ALTO PARANA,4651,1,1.0
ALTO PARANA,4653,1,0.0
ALTO PARANA,4668,5,3.0
ALTO PARANA,4669,2,1.0
ALTO PARANA,4670,3,2.0
ALTO PARANA,4678,1,1.0
ALTO PARANA,4687,1,0.0
ALTO PARANA,4691,1,0.0
ALTO PARANA,4702,15,9.0
ALTO PARANA,4713,40,38.0
ALTO PARANA,4723,1,1.0
ALTO PARANA,4751,2,2.0
ALTO PARANA,4776,1,1.0
ALTO PARANA,4820,2,2.0
ALTO PARANA,4829,1,1.0
ALTO PARANA,4831,1,1.0
ALTO PARANA,4832,1,1.0
ALTO PARANA,4834,1,0.0
ALTO PARANA,4848,1,1.0
ALTO PARANA,4849,1,1.0
ALTO PARANA,4889,9,5.0
ALTO PARANA,4894,11,11.0
ALTO PARANA,4895,17,17.0
ALTO PARANA,4899,1,1.0
ALTO PARANA,4904,1,1.0
ALTO PARANA,4940,1,1.0
ALTO PARANA,5010,1,0.0
ALTO PARANA,5055,8,8.0
ALTO PARANA,5194,1,1.0
ALTO PARANA,5240,1,1.0
ALTO PARANA,5242,1,1.0
ALTO PARANA,5279,1,1.0
ALTO PARANA,5284,5,0.0
ALTO PARANA,5336,1,1.0
ALTO PARANA,Administración de empresas y derecho,260,253.0
ALTO PARANA,"Agricultura, silvicultura, pesca y veterinaria",32,32.0
ALTO PARANA,Artes y humanidades,20,20.0
ALTO PARANA,"Ciencias naturales, matemáticas y estadística",30,30.0
ALTO PARANA,"Ciencias sociales, periodismo e información",29,28.0
ALTO PARANA,Educación,129,116.0
ALTO PARANA,"Ingeniería, industria y construcción",61,60.0
ALTO PARANA,Programas y certificaciones genéricos,2,2.0
ALTO PARANA,Salud y bienestar,254,242.0
ALTO PARANA,Servicios,34,34.0
ALTO PARANA,Tecnologías de la información y la comunicación (TIC),32,32.0
AMAMBAY,1246,1,1.0
AMAMBAY,2450,1,1.0
AMAMBAY,2792,1,1.0
AMAMBAY,2818,1,1.0
AMAMBAY,3078,1,1.0
AMAMBAY,3136,1,1.0
AMAMBAY,3230,1,1.0
AMAMBAY,3232,1,1.0
AMAMBAY,3322,1,1.0
AMAMBAY,3332,2,2.0
AMAMBAY,3339,1,1.0
AMAMBAY,3364,1,1.0
AMAMBAY,3377,1,1.0
AMAMBAY,3434,1,1.0
AMAMBAY,3470,2,2.0
AMAMBAY,3519,1,1.0
AMAMBAY,3708,1,1.0
AMAMBAY,3849,1,1.0
AMAMBAY,3850,1,1.0
AMAMBAY,3851,1,1.0
AMAMBAY,3852,1,1.0
AMAMBAY,3973,1,1.0
AMAMBAY,3979,1,1.0
AMAMBAY,3985,1,1.0
AMAMBAY,3988,1,1.0
AMAMBAY,4009,1,1.0
AMAMBAY,4012,1,1.0
AMAMBAY,4172,1,0.0
AMAMBAY,4173,1,1.0
AMAMBAY,4197,1,1.0
AMAMBAY,4211,1,1.0
AMAMBAY,4224,1,1.0
AMAMBAY,4247,2,2.0
AMAMBAY,4252,8,8.0
AMAMBAY,4259,4,4.0
AMAMBAY,4260,1,1.0
AMAMBAY,4264,3,3.0
AMAMBAY,4335,1,0.0
AMAMBAY,4339,1,1.0
AMAMBAY,4357,1,1.0
AMAMBAY,4399,10,10.0
AMAMBAY,4420,1,1.0
AMAMBAY,4428,1,1.0
AMAMBAY,4473,1,1.0
AMAMBAY,4484,2,1.0
AMAMBAY,4501,1,1.0
AMAMBAY,4547,1,1.0
AMAMBAY,4574,1,0.0
AMAMBAY,4575,1,0.0
AMAMBAY,4576,1,1.0
AMAMBAY,4593,1,1.0
AMAMBAY,4594,2,0.0
AMAMBAY,4595,1,0.0
AMAMBAY,4601,1,0.0
AMAMBAY,4637,1,1.0
AMAMBAY,4702,1,1.0
AMAMBAY,4713,2,2.0
AMAMBAY,4744,7,7.0
AMAMBAY,4746,3,3.0
AMAMBAY,4747,1,1.0
AMAMBAY,4748,6,6.0
AMAMBAY,4749,1,1.0
AMAMBAY,4776,1,1.0
AMAMBAY,4783,1,1.0
AMAMBAY,4784,1,1.0
AMAMBAY,4800,1,1.0
AMAMBAY,4834,1,0.0
AMAMBAY,4842,2,2.0
AMAMBAY,4889,1,1.0
AMAMBAY,4895,3,3.0
AMAMBAY,4940,1,1.0
AMAMBAY,5284,1,1.0
AMAMBAY,Administración de empresas y derecho,51,51.0
AMAMBAY,"Agricultura, silvicultura, pesca y veterinaria",4,4.0
AMAMBAY,"Ciencias naturales, matemáticas y estadística",8,8.0
AMAMBAY,Educación,35,35.0
AMAMBAY,"Ingeniería, industria y construcción",1,1.0
AMAMBAY,Salud y bienestar,38,38.0
AMAMBAY,Servicios,8,8.0
AMAMBAY,Tecnologías de la información y la comunicación (TIC),2,2.0
ASUNCION,1053,1,1.0
ASUNCION,1162,2,2.0
ASUNCION,1223,1,1.0
ASUNCION,1246,1,1.0
ASUNCION,128,1,0.0
ASUNCION,1301,2,2.0
ASUNCION,1359,1,1.0
ASUNCION,1439,1,1.0
ASUNCION,2174,2,2.0
ASUNCION,2253,3,3.0
ASUNCION,2431,1,1.0
ASUNCION,2435,1,1.0
ASUNCION,2446,1,1.0
ASUNCION,2456,1,1.0
ASUNCION,2458,1,1.0
ASUNCION,2571,1,1.0
ASUNCION,2587,4,4.0
ASUNCION,2593,7,7.0
ASUNCION,2604,8,8.0
ASUNCION,2605,7,7.0
ASUNCION,2607,6,6.0
ASUNCION,2704,7,7.0
ASUNCION,2712,11,11.0
ASUNCION,2714,6,6.0
ASUNCION,2719,1,1.0
ASUNCION,2725,4,4.0
ASUNCION,2733,4,4.0
ASUNCION,2734,2,2.0
ASUNCION,2735,6,6.0
ASUNCION,2746,2,2.0
ASUNCION,2772,8,8.0
ASUNCION,2773,8,8.0
ASUNCION,2776,3,1.0
ASUNCION,2785,2,2.0
ASUNCION,2792,5,5.0
ASUNCION,2794,1,1.0
ASUNCION,2818,1,1.0
ASUNCION,283,3,3.0
ASUNCION,2831,2,2.0
ASUNCION,2832,6,6.0
ASUNCION,2834,6,6.0
ASUNCION,2835,7,7.0
ASUNCION,2836,7,7.0
ASUNCION,2837,7,7.0
ASUNCION,2838,5,5.0
ASUNCION,2839,7,7.0
ASUNCION,2840,7,7.0
ASUNCION,2841,4,4.0
ASUNCION,2842,7,7.0
ASUNCION,2848,5,5.0
ASUNCION,2853,5,5.0
ASUNCION,2860,2,2.0
ASUNCION,2861,4,4.0
ASUNCION,287,1,1.0
ASUNCION,2873,1,1.0
ASUNCION,2880,9,6.0
ASUNCION,2883,1,1.0
ASUNCION,2938,1,1.0
ASUNCION,2943,1,1.0
ASUNCION,2959,1,1.0
ASUNCION,2968,1,1.0
ASUNCION,3068,3,3.0
ASUNCION,3079,7,6.0
ASUNCION,3092,7,7.0
ASUNCION,3097,1,1.0
ASUNCION,3111,1,1.0
ASUNCION,3131,1,1.0
ASUNCION,3136,5,2.0
ASUNCION,3172,1,1.0
ASUNCION,3213,1,1.0
ASUNCION,3219,2,2.0
ASUNCION,3220,2,2.0
ASUNCION,3230,2,2.0
ASUNCION,3253,1,1.0
ASUNCION,3257,2,2.0
ASUNCION,3267,1,1.0
ASUNCION,327,1,1.0
ASUNCION,3278,1,0.0
ASUNCION,3312,1,1.0
ASUNCION,3314,1,1.0
ASUNCION,3318,1,1.0
ASUNCION,3332,4,4.0
ASUNCION,3339,6,5.0
ASUNCION,3343,1,0.0
ASUNCION,3350,4,4.0
ASUNCION,3353,2,1.0
ASUNCION,3359,1,1.0
ASUNCION,3378,2,2.0
ASUNCION,3467,1,1.0
ASUNCION,3468,1,1.0
ASUNCION,3470,1,1.0
ASUNCION,3473,1,1.0
ASUNCION,3474,1,1.0
ASUNCION,3476,1,0.0
ASUNCION,3477,1,1.0
ASUNCION,3488,3,3.0
ASUNCION,3489,1,1.0
ASUNCION,3493,2,2.0
ASUNCION,3499,1,1.0
ASUNCION,3519,12,6.0
ASUNCION,3521,1,1.0
ASUNCION,3546,1,1.0
ASUNCION,3547,1,1.0
ASUNCION,3548,1,1.0
ASUNCION,3549,1,1.0
ASUNCION,3550,1,1.0
ASUNCION,3551,1,1.0
ASUNCION,3557,1,1.0
ASUNCION,3561,1,1.0
ASUNCION,3580,1,1.0
ASUNCION,3581,1,1.0
ASUNCION,3582,1,1.0
ASUNCION,3592,4,4.0
ASUNCION,3593,2,2.0
ASUNCION,3594,1,1.0
ASUNCION,3595,4,4.0
ASUNCION,3596,3,3.0
ASUNCION,3597,1,1.0
ASUNCION,3598,3,3.0
ASUNCION,3599,3,3.0
ASUNCION,3600,2,2.0
ASUNCION,3601,1,1.0
ASUNCION,3602,4,4.0
ASUNCION,3603,2,2.0
ASUNCION,3604,1,1.0
ASUNCION,3605,2,2.0
ASUNCION,3606,1,1.0
ASUNCION,3607,1,1.0
ASUNCION,3608,1,1.0
ASUNCION,3609,2,2.0
ASUNCION,3610,3,3.0
ASUNCION,3611,2,2.0
ASUNCION,3612,1,1.0
ASUNCION,3613,2,2.0
ASUNCION,3614,1,1.0
ASUNCION,3615,1,1.0
ASUNCION,3616,8,8.0
ASUNCION,3617,1,1.0
ASUNCION,3618,1,1.0
ASUNCION,3619,1,1.0
ASUNCION,3620,1,1.0
ASUNCION,3621,2,2.0
ASUNCION,3622,2,2.0
ASUNCION,3623,2,2.0
ASUNCION,3624,2,2.0
ASUNCION,3625,1,1.0
ASUNCION,3626,1,1.0
ASUNCION,3627,1,1.0
ASUNCION,3628,1,1.0
ASUNCION,3629,1,1.0
ASUNCION,3630,1,1.0
ASUNCION,3631,1,1.0
ASUNCION,3632,1,1.0
ASUNCION,3633,1,1.0
ASUNCION,3634,1,1.0
ASUNCION,3635,1,1.0
ASUNCION,3636,2,2.0
ASUNCION,3637,1,1.0
ASUNCION,3638,3,3.0
ASUNCION,3639,3,3.0
ASUNCION,3640,2,2.0
ASUNCION,3641,3,3.0
ASUNCION,3642,2,2.0
ASUNCION,3643,1,1.0
ASUNCION,3644,1,1.0
ASUNCION,3645,3,3.0
ASUNCION,3646,1,1.0
ASUNCION,3647,1,1.0
ASUNCION,3648,2,2.0
ASUNCION,3649,2,2.0
ASUNCION,3650,1,1.0
ASUNCION,3651,1,1.0
ASUNCION,3652,1,1.0
ASUNCION,3653,1,1.0
ASUNCION,3654,1,1.0
ASUNCION,3656,2,2.0
ASUNCION,3657,1,1.0
ASUNCION,3658,1,1.0
ASUNCION,3659,1,1.0
ASUNCION,3660,1,1.0
ASUNCION,3661,1,1.0
ASUNCION,3662,1,1.0
ASUNCION,3663,1,1.0
ASUNCION,3664,1,1.0
ASUNCION,3665,1,1.0
ASUNCION,3666,1,1.0
ASUNCION,3667,1,1.0
ASUNCION,3668,1,1.0
ASUNCION,3669,1,1.0
ASUNCION,3670,2,2.0
ASUNCION,3671,1,1.0
ASUNCION,3674,1,1.0
ASUNCION,3675,1,1.0
ASUNCION,3676,1,1.0
ASUNCION,3677,1,1.0
ASUNCION,3678,1,1.0
ASUNCION,3681,1,1.0
ASUNCION,3682,2,2.0
ASUNCION,3683,1,1.0
ASUNCION,3684,1,1.0
ASUNCION,3685,1,1.0
ASUNCION,3686,1,1.0
ASUNCION,3687,1,1.0
ASUNCION,3691,1,1.0
ASUNCION,3696,1,1.0
ASUNCION,3697,1,1.0
ASUNCION,3699,4,4.0
ASUNCION,3701,1,1.0
ASUNCION,3702,1,1.0
ASUNCION,3706,1,1.0
ASUNCION,3707,1,1.0
ASUNCION,3708,2,2.0
ASUNCION,3711,2,2.0
ASUNCION,3712,1,1.0
ASUNCION,3713,2,2.0
ASUNCION,3715,1,1.0
ASUNCION,3717,1,1.0
ASUNCION,3743,1,1.0
ASUNCION,3750,2,2.0
ASUNCION,3752,1,1.0
ASUNCION,3790,1,1.0
ASUNCION,3836,2,2.0
ASUNCION,3843,1,1.0
ASUNCION,3854,2,2.0
ASUNCION,3855,1,1.0
ASUNCION,3856,1,1.0
ASUNCION,3857,1,1.0
ASUNCION,3859,3,3.0
ASUNCION,3860,3,3.0
ASUNCION,3861,3,3.0
ASUNCION,3862,1,1.0
ASUNCION,3863,3,3.0
ASUNCION,3865,3,3.0
ASUNCION,3866,3,3.0
ASUNCION,3867,3,3.0
ASUNCION,3868,3,3.0
ASUNCION,3869,1,1.0
ASUNCION,3870,3,3.0
ASUNCION,3871,3,3.0
ASUNCION,3872,3,3.0
ASUNCION,3873,3,3.0
ASUNCION,3875,2,2.0
ASUNCION,3876,2,2.0
ASUNCION,3877,2,2.0
ASUNCION,3878,2,2.0
ASUNCION,3879,1,1.0
ASUNCION,3880,1,1.0
ASUNCION,3885,2,2.0
ASUNCION,3886,1,1.0
ASUNCION,3887,1,1.0
ASUNCION,3888,1,1.0
ASUNCION,3889,1,1.0
ASUNCION,3890,1,1.0
ASUNCION,3891,1,1.0
ASUNCION,3892,1,1.0
ASUNCION,3895,1,1.0
ASUNCION,3896,1,1.0
ASUNCION,3897,2,2.0
ASUNCION,3898,2,2.0
ASUNCION,3899,2,2.0
ASUNCION,3901,1,1.0
ASUNCION,3902,1,1.0
ASUNCION,3903,1,1.0
ASUNCION,3904,1,1.0
ASUNCION,3905,2,2.0
ASUNCION,3906,1,1.0
ASUNCION,3907,1,1.0
ASUNCION,3908,1,1.0
ASUNCION,3909,1,1.0
ASUNCION,3910,1,1.0
ASUNCION,3912,1,1.0
ASUNCION,3913,1,1.0
ASUNCION,3914,1,1.0
ASUNCION,3916,1,1.0
ASUNCION,3917,1,1.0
ASUNCION,3918,1,1.0
ASUNCION,3919,1,1.0
ASUNCION,3920,1,1.0
ASUNCION,3921,1,1.0
ASUNCION,3922,1,1.0
ASUNCION,3923,1,1.0
ASUNCION,3924,1,1.0
ASUNCION,3925,1,1.0
ASUNCION,3934,1,1.0
ASUNCION,3936,2,2.0
ASUNCION,3952,1,1.0
ASUNCION,3964,2,2.0
ASUNCION,3965,1,1.0
ASUNCION,3974,1,1.0
ASUNCION,3985,2,2.0
ASUNCION,4000,1,1.0
ASUNCION,4009,1,1.0
ASUNCION,4012,1,1.0
ASUNCION,4017,1,1.0
ASUNCION,4019,1,1.0
ASUNCION,4029,1,1.0
ASUNCION,4030,1,1.0
ASUNCION,4043,3,2.0
ASUNCION,4061,1,1.0
ASUNCION,4062,1,1.0
ASUNCION,4063,1,1.0
ASUNCION,4064,1,1.0
ASUNCION,4065,1,1.0
ASUNCION,4066,1,1.0
ASUNCION,4067,1,1.0
ASUNCION,4068,1,1.0
ASUNCION,4069,1,1.0
ASUNCION,4071,1,1.0
ASUNCION,4073,1,1.0
ASUNCION,4076,1,1.0
ASUNCION,4087,2,2.0
ASUNCION,4088,3,3.0
ASUNCION,4091,1,1.0
ASUNCION,4092,1,1.0
ASUNCION,4093,3,3.0
ASUNCION,4094,1,1.0
ASUNCION,4095,1,1.0
ASUNCION,4096,1,1.0
ASUNCION,4097,1,1.0
ASUNCION,4098,1,1.0
ASUNCION,4099,1,1.0
ASUNCION,4100,1,1.0
ASUNCION,4101,1,1.0
ASUNCION,4102,1,1.0
ASUNCION,4103,1,1.0
ASUNCION,4104,1,1.0
ASUNCION,4110,1,1.0
ASUNCION,4113,1,1.0
ASUNCION,4125,3,3.0
ASUNCION,4126,2,2.0
ASUNCION,4129,1,1.0
ASUNCION,4133,1,1.0
ASUNCION,4139,1,1.0
ASUNCION,4145,1,1.0
ASUNCION,4146,1,0.0
ASUNCION,4150,1,1.0
ASUNCION,4154,8,4.0
ASUNCION,4159,1,1.0
ASUNCION,4169,1,1.0
ASUNCION,4172,1,0.0
ASUNCION,4173,2,2.0
ASUNCION,4187,1,1.0
ASUNCION,4188,1,1.0
ASUNCION,4191,1,1.0
ASUNCION,4195,2,1.0
ASUNCION,4196,1,0.0
ASUNCION,4197,3,3.0
ASUNCION,4201,1,1.0
ASUNCION,4202,1,1.0
ASUNCION,4205,1,1.0
ASUNCION,4207,1,1.0
ASUNCION,4208,1,1.0
ASUNCION,4209,1,1.0
ASUNCION,4210,1,1.0
ASUNCION,4211,3,3.0
ASUNCION,4212,1,1.0
ASUNCION,4213,1,1.0
ASUNCION,4214,1,1.0
ASUNCION,4215,1,1.0
ASUNCION,4216,1,1.0
ASUNCION,4217,1,1.0
ASUNCION,4218,1,1.0
ASUNCION,4223,1,1.0
ASUNCION,4224,1,1.0
ASUNCION,4237,8,8.0
ASUNCION,4241,1,1.0
ASUNCION,4243,1,1.0
ASUNCION,4247,10,3.0
ASUNCION,4248,1,1.0
ASUNCION,4252,14,14.0
ASUNCION,4253,6,6.0
ASUNCION,4254,1,1.0
ASUNCION,4259,11,11.0
ASUNCION,4260,2,2.0
ASUNCION,4261,1,1.0
ASUNCION,4263,2,2.0
ASUNCION,4264,4,4.0
ASUNCION,4265,1,1.0
ASUNCION,4268,1,1.0
ASUNCION,4269,1,1.0
ASUNCION,4270,1,1.0
ASUNCION,4271,1,1.0
ASUNCION,4272,1,1.0
ASUNCION,4275,1,1.0
ASUNCION,4277,1,1.0
ASUNCION,4280,1,1.0
ASUNCION,4281,2,1.0
ASUNCION,4282,1,1.0
ASUNCION,4298,6,2.0
ASUNCION,4299,1,0.0
ASUNCION,4300,1,1.0
ASUNCION,4303,1,0.0
ASUNCION,4310,1,1.0
ASUNCION,4315,1,1.0
ASUNCION,4316,1,1.0
ASUNCION,4320,2,1.0
ASUNCION,4332,3,3.0
ASUNCION,4333,3,3.0
ASUNCION,4336,2,1.0
ASUNCION,4338,1,1.0
ASUNCION,4340,2,2.0
ASUNCION,4341,3,3.0
ASUNCION,4343,3,3.0
ASUNCION,4348,1,1.0
ASUNCION,4349,1,1.0
ASUNCION,4350,1,0.0
ASUNCION,4351,1,1.0
ASUNCION,4352,1,1.0
ASUNCION,4357,1,1.0
ASUNCION,4363,2,2.0
ASUNCION,4364,2,2.0
ASUNCION,4368,1,1.0
ASUNCION,4376,1,1.0
ASUNCION,4377,1,1.0
ASUNCION,4378,1,1.0
ASUNCION,4379,1,1.0
ASUNCION,4380,1,1.0
ASUNCION,4385,1,1.0
ASUNCION,4392,2,2.0
ASUNCION,4394,1,1.0
ASUNCION,4395,1,1.0
ASUNCION,4401,7,4.0
ASUNCION,4406,1,1.0
ASUNCION,4407,1,1.0
ASUNCION,4409,2,2.0
ASUNCION,4410,1,1.0
ASUNCION,4411,1,1.0
ASUNCION,4421,1,0.0
ASUNCION,4422,1,1.0
ASUNCION,4423,1,0.0
ASUNCION,4424,1,0.0
ASUNCION,4425,1,1.0
ASUNCION,4426,1,1.0
ASUNCION,4427,2,2.0
ASUNCION,4433,1,1.0
ASUNCION,4437,1,0.0
ASUNCION,4438,1,0.0
ASUNCION,4439,1,0.0
ASUNCION,4440,1,0.0
ASUNCION,4441,1,0.0
ASUNCION,4443,2,2.0
ASUNCION,4459,1,0.0
ASUNCION,4460,1,0.0
ASUNCION,4461,1,0.0
ASUNCION,4462,1,0.0
ASUNCION,4473,6,1.0
ASUNCION,4484,2,1.0
ASUNCION,4491,1,0.0
ASUNCION,4492,1,0.0
ASUNCION,4494,1,0.0
ASUNCION,4495,2,2.0
ASUNCION,4496,7,7.0
ASUNCION,4498,1,1.0
ASUNCION,4508,1,1.0
ASUNCION,4511,1,1.0
ASUNCION,4513,1,0.0
ASUNCION,4516,1,0.0
ASUNCION,4520,1,1.0
ASUNCION,4521,1,1.0
ASUNCION,4522,1,1.0
ASUNCION,4526,2,1.0
ASUNCION,4531,2,2.0
ASUNCION,4532,2,2.0
ASUNCION,4535,1,1.0
ASUNCION,4547,10,9.0
ASUNCION,4551,1,0.0
ASUNCION,4571,1,1.0
ASUNCION,4579,1,0.0
ASUNCION,4600,1,0.0
ASUNCION,4601,2,0.0
ASUNCION,4602,2,0.0
ASUNCION,4605,1,1.0
ASUNCION,4606,1,1.0
ASUNCION,4622,6,5.0
ASUNCION,4629,1,1.0
ASUNCION,4631,1,1.0
ASUNCION,4642,2,2.0
ASUNCION,4663,1,0.0
ASUNCION,4664,1,0.0
ASUNCION,4665,1,0.0
ASUNCION,4668,3,2.0
ASUNCION,4669,3,1.0
ASUNCION,4670,3,2.0
ASUNCION,4678,6,4.0
ASUNCION,4680,1,0.0
ASUNCION,4688,1,0.0
ASUNCION,4702,18,12.0
ASUNCION,4713,26,24.0
ASUNCION,4735,1,0.0
ASUNCION,4742,1,1.0
ASUNCION,4745,1,0.0
ASUNCION,4766,1,0.0
ASUNCION,4767,1,0.0
ASUNCION,4770,1,0.0
ASUNCION,4771,1,0.0
ASUNCION,4772,1,0.0
ASUNCION,4773,1,0.0
ASUNCION,4774,1,0.0
ASUNCION,4776,2,2.0
ASUNCION,4787,1,1.0
ASUNCION,4788,7,7.0
ASUNCION,4789,1,1.0
ASUNCION,4790,1,1.0
ASUNCION,4791,1,1.0
ASUNCION,4792,2,2.0
ASUNCION,4797,1,1.0
ASUNCION,4832,2,2.0
ASUNCION,4835,1,1.0
ASUNCION,4844,1,1.0
ASUNCION,4845,1,1.0
ASUNCION,4846,1,1.0
ASUNCION,4883,1,1.0
ASUNCION,4889,6,6.0
ASUNCION,4894,5,5.0
ASUNCION,4895,6,6.0
ASUNCION,4900,1,1.0
ASUNCION,4902,1,1.0
ASUNCION,4914,1,1.0
ASUNCION,4933,1,1.0
ASUNCION,4934,1,1.0
ASUNCION,4935,1,1.0
ASUNCION,4937,1,1.0
ASUNCION,4938,1,1.0
ASUNCION,4940,2,2.0
ASUNCION,4953,2,1.0
ASUNCION,498,7,7.0
ASUNCION,5010,3,1.0
ASUNCION,5011,3,3.0
ASUNCION,5039,1,0.0
ASUNCION,5055,1,1.0
ASUNCION,5069,1,1.0
ASUNCION,5077,1,0.0
ASUNCION,5098,1,1.0
ASUNCION,5113,1,1.0
ASUNCION,5156,1,0.0
ASUNCION,5171,1,1.0
ASUNCION,5178,1,1.0
ASUNCION,5183,1,1.0
ASUNCION,5212,1,0.0
ASUNCION,5233,1,1.0
ASUNCION,5284,1,0.0
ASUNCION,5286,1,1.0
ASUNCION,5297,1,0.0
ASUNCION,560,1,1.0
ASUNCION,64,1,1.0
ASUNCION,65,1,1.0
ASUNCION,696,7,7.0
ASUNCION,821,1,1.0
ASUNCION,836,1,1.0
ASUNCION,921,3,3.0
ASUNCION,Administración de empresas y derecho,603,546.0
ASUNCION,"Agricultura, silvicultura, pesca y veterinaria",12,12.0
ASUNCION,Artes y humanidades,92,87.0
ASUNCION,"Ciencias naturales, matemáticas y estadística",22,22.0
ASUNCION,"Ciencias sociales, periodismo e información",107,95.0
ASUNCION,Educación,259,239.0
ASUNCION,"Ingeniería, industria y construcción",77,76.0
ASUNCION,Programas y certificaciones genéricos,18,17.0
ASUNCION,Salud y bienestar,497,470.0
ASUNCION,Servicios,115,81.0
ASUNCION,Tecnologías de la información y la comunicación (TIC),52,49.0
BOQUERON,2434,1,1.0
BOQUERON,2450,5,5.0
BOQUERON,3078,1,1.0
BOQUERON,3136,1,1.0
BOQUERON,3342,1,1.0
BOQUERON,3404,1,1.0
BOQUERON,3470,1,1.0
BOQUERON,3501,1,1.0
BOQUERON,3503,1,1.0
BOQUERON,3531,1,1.0
BOQUERON,3532,1,1.0
BOQUERON,3553,1,1.0
BOQUERON,3558,1,1.0
BOQUERON,3672,2,1.0
BOQUERON,3724,1,1.0
BOQUERON,3833,1,1.0
BOQUERON,3979,1,1.0
BOQUERON,3985,1,1.0
BOQUERON,3987,1,1.0
BOQUERON,3993,2,2.0
BOQUERON,4009,1,1.0
BOQUERON,4011,1,1.0
BOQUERON,4012,1,1.0
BOQUERON,4017,1,1.0
BOQUERON,4173,1,1.0
BOQUERON,4179,1,1.0
BOQUERON,4186,1,1.0
BOQUERON,4197,2,1.0
BOQUERON,4211,1,1.0
BOQUERON,4259,17,17.0
BOQUERON,4260,2,2.0
BOQUERON,4264,1,1.0
BOQUERON,4294,1,1.0
BOQUERON,4297,1,1.0
BOQUERON,4335,1,0.0
BOQUERON,4385,1,1.0
BOQUERON,4408,1,1.0
BOQUERON,4473,1,1.0
BOQUERON,4484,1,0.0
BOQUERON,4496,1,1.0
BOQUERON,4547,1,1.0
BOQUERON,4601,1,0.0
BOQUERON,4612,1,0.0
BOQUERON,4613,1,0.0
BOQUERON,4713,2,2.0
BOQUERON,4776,1,1.0
BOQUERON,4817,1,1.0
BOQUERON,4834,1,0.0
BOQUERON,4889,5,4.0
BOQUERON,4940,1,1.0
BOQUERON,5055,2,2.0
BOQUERON,Administración de empresas y derecho,17,17.0
BOQUERON,"Agricultura, silvicultura, pesca y veterinaria",2,2.0
BOQUERON,"Ciencias naturales, matemáticas y estadística",1,1.0
BOQUERON,Educación,10,10.0
BOQUERON,Salud y bienestar,42,42.0
CAAGUAZU,1085,1,1.0
CAAGUAZU,2450,2,2.0
CAAGUAZU,2453,2,2.0
CAAGUAZU,2468,3,3.0
CAAGUAZU,2587,9,9.0
CAAGUAZU,2607,1,1.0
CAAGUAZU,2704,3,3.0
CAAGUAZU,2719,1,1.0
CAAGUAZU,2782,2,2.0
CAAGUAZU,2792,2,1.0
CAAGUAZU,2816,1,1.0
CAAGUAZU,2817,1,1.0
CAAGUAZU,2818,11,11.0
CAAGUAZU,2821,2,2.0
CAAGUAZU,2824,1,1.0
CAAGUAZU,2880,1,1.0
CAAGUAZU,2961,1,1.0
CAAGUAZU,3078,1,1.0
CAAGUAZU,3079,2,1.0
CAAGUAZU,3097,1,1.0
CAAGUAZU,3136,6,2.0
CAAGUAZU,3174,2,2.0
CAAGUAZU,3232,2,2.0
CAAGUAZU,3257,2,2.0
CAAGUAZU,3294,1,1.0
CAAGUAZU,3316,1,1.0
CAAGUAZU,3332,3,3.0
CAAGUAZU,3339,1,1.0
CAAGUAZU,3343,2,2.0
CAAGUAZU,3360,1,1.0
CAAGUAZU,3361,1,1.0
CAAGUAZU,3377,1,1.0
CAAGUAZU,3457,1,1.0
CAAGUAZU,3470,2,2.0
CAAGUAZU,3519,11,7.0
CAAGUAZU,3520,1,1.0
CAAGUAZU,3521,1,1.0
CAAGUAZU,3522,1,1.0
CAAGUAZU,3523,1,1.0
CAAGUAZU,3524,1,1.0
CAAGUAZU,3526,1,1.0
CAAGUAZU,3527,1,1.0
CAAGUAZU,3528,1,1.0
CAAGUAZU,3529,1,1.0
CAAGUAZU,3530,1,1.0
CAAGUAZU,3575,1,1.0
CAAGUAZU,3672,1,1.0
CAAGUAZU,3699,2,2.0
CAAGUAZU,3708,3,3.0
CAAGUAZU,3714,4,4.0
CAAGUAZU,3717,2,2.0
CAAGUAZU,3724,6,6.0
CAAGUAZU,3734,1,1.0
CAAGUAZU,3785,1,1.0
CAAGUAZU,3786,1,1.0
CAAGUAZU,3845,1,1.0
CAAGUAZU,3847,3,3.0
CAAGUAZU,3849,1,1.0
CAAGUAZU,3926,1,1.0
CAAGUAZU,3928,1,1.0
CAAGUAZU,3930,1,1.0
CAAGUAZU,3931,1,1.0
CAAGUAZU,3932,1,1.0
CAAGUAZU,3933,1,1.0
CAAGUAZU,3934,1,1.0
CAAGUAZU,3935,1,1.0
CAAGUAZU,3936,1,1.0
CAAGUAZU,3937,1,1.0
CAAGUAZU,3938,1,1.0
CAAGUAZU,3939,1,1.0
CAAGUAZU,3940,1,1.0
CAAGUAZU,3941,1,1.0
CAAGUAZU,3942,1,1.0
CAAGUAZU,3943,1,1.0
CAAGUAZU,3944,1,1.0
CAAGUAZU,3945,1,1.0
CAAGUAZU,3946,1,1.0
CAAGUAZU,3977,2,2.0
CAAGUAZU,3978,1,1.0
CAAGUAZU,3979,3,3.0
CAAGUAZU,3982,1,1.0
CAAGUAZU,3985,5,5.0
CAAGUAZU,4012,4,4.0
CAAGUAZU,4035,1,1.0
CAAGUAZU,4036,1,1.0
CAAGUAZU,4038,1,1.0
CAAGUAZU,4039,2,1.0
CAAGUAZU,4065,1,1.0
CAAGUAZU,4115,1,1.0
CAAGUAZU,4116,1,1.0
CAAGUAZU,4118,3,3.0
CAAGUAZU,4144,1,1.0
CAAGUAZU,4154,11,11.0
CAAGUAZU,4159,1,1.0
CAAGUAZU,4171,1,1.0
CAAGUAZU,4173,3,3.0
CAAGUAZU,4175,1,1.0
CAAGUAZU,4176,1,1.0
CAAGUAZU,4180,1,1.0
CAAGUAZU,4197,4,4.0
CAAGUAZU,4206,1,1.0
CAAGUAZU,4211,3,3.0
CAAGUAZU,4224,3,3.0
CAAGUAZU,4226,3,3.0
CAAGUAZU,4244,1,1.0
CAAGUAZU,4247,13,10.0
CAAGUAZU,4252,24,23.0
CAAGUAZU,4255,2,2.0
CAAGUAZU,4256,3,3.0
CAAGUAZU,4259,49,49.0
CAAGUAZU,4260,4,4.0
CAAGUAZU,4261,1,1.0
CAAGUAZU,4263,5,5.0
CAAGUAZU,4264,2,2.0
CAAGUAZU,4265,1,1.0
CAAGUAZU,4298,14,6.0
CAAGUAZU,4299,2,1.0
CAAGUAZU,4334,9,9.0
CAAGUAZU,4335,1,0.0
CAAGUAZU,4357,1,1.0
CAAGUAZU,4366,1,0.0
CAAGUAZU,4413,3,3.0
CAAGUAZU,4447,1,1.0
CAAGUAZU,4473,9,4.0
CAAGUAZU,4478,1,1.0
CAAGUAZU,4484,3,2.0
CAAGUAZU,4486,1,1.0
CAAGUAZU,4495,1,1.0
CAAGUAZU,4496,1,1.0
CAAGUAZU,4499,1,1.0
CAAGUAZU,4510,1,1.0
CAAGUAZU,4524,1,1.0
CAAGUAZU,4526,1,0.0
CAAGUAZU,4546,1,1.0
CAAGUAZU,4547,6,5.0
CAAGUAZU,4570,1,1.0
CAAGUAZU,4571,1,1.0
CAAGUAZU,4576,2,2.0
CAAGUAZU,4577,1,1.0
CAAGUAZU,4581,1,1.0
CAAGUAZU,4583,1,0.0
CAAGUAZU,4584,1,0.0
CAAGUAZU,4585,1,0.0
CAAGUAZU,4601,3,0.0
CAAGUAZU,4603,1,1.0
CAAGUAZU,4615,1,1.0
CAAGUAZU,4622,4,3.0
CAAGUAZU,4636,1,1.0
CAAGUAZU,4640,4,4.0
CAAGUAZU,4649,3,3.0
CAAGUAZU,4651,1,1.0
CAAGUAZU,4668,2,2.0
CAAGUAZU,4669,5,3.0
CAAGUAZU,4670,3,2.0
CAAGUAZU,4678,3,3.0
CAAGUAZU,4687,1,0.0
CAAGUAZU,4702,17,11.0
CAAGUAZU,4713,24,24.0
CAAGUAZU,4723,1,1.0
CAAGUAZU,4741,1,1.0
CAAGUAZU,4742,5,3.0
CAAGUAZU,4776,3,3.0
CAAGUAZU,4834,1,0.0
CAAGUAZU,4889,2,2.0
CAAGUAZU,4894,9,9.0
CAAGUAZU,4895,14,14.0
CAAGUAZU,4896,3,3.0
CAAGUAZU,4911,1,1.0
CAAGUAZU,4918,1,1.0
CAAGUAZU,4932,1,1.0
CAAGUAZU,4940,3,3.0
CAAGUAZU,5010,3,1.0
CAAGUAZU,5055,6,6.0
CAAGUAZU,5061,1,1.0
CAAGUAZU,5062,1,1.0
CAAGUAZU,5064,1,1.0
CAAGUAZU,5066,1,1.0
CAAGUAZU,5067,1,1.0
CAAGUAZU,5104,1,1.0
CAAGUAZU,5109,1,1.0
CAAGUAZU,5282,1,1.0
CAAGUAZU,5283,1,1.0
CAAGUAZU,5284,3,0.0
CAAGUAZU,5331,1,1.0
CAAGUAZU,560,1,1.0
CAAGUAZU,Administración de empresas y derecho,141,140.0
CAAGUAZU,"Agricultura, silvicultura, pesca y veterinaria",23,23.0
CAAGUAZU,Artes y humanidades,3,3.0
CAAGUAZU,"Ciencias naturales, matemáticas y estadística",7,7.0
CAAGUAZU,"Ciencias sociales, periodismo e información",16,16.0
CAAGUAZU,Educación,100,100.0
CAAGUAZU,"Ingeniería, industria y construcción",27,27.0
CAAGUAZU,Salud y bienestar,139,139.0
CAAGUAZU,Servicios,3,3.0
CAAGUAZU,Tecnologías de la información y la comunicación (TIC),34,34.0
CAAZAPA,1162,1,1.0
CAAZAPA,2806,1,1.0
CAAZAPA,3078,1,1.0
CAAZAPA,3079,3,2.0
CAAZAPA,3136,1,1.0
CAAZAPA,3230,2,1.0
CAAZAPA,3257,2,2.0
CAAZAPA,3339,1,1.0
CAAZAPA,3470,3,3.0
CAAZAPA,3519,3,3.0
CAAZAPA,3553,1,1.0
CAAZAPA,3564,1,1.0
CAAZAPA,3565,1,1.0
CAAZAPA,3566,1,1.0
CAAZAPA,3567,1,1.0
CAAZAPA,3569,1,1.0
CAAZAPA,3570,1,1.0
CAAZAPA,3572,1,1.0
CAAZAPA,3672,2,1.0
CAAZAPA,3714,1,1.0
CAAZAPA,3736,1,1.0
CAAZAPA,3952,1,1.0
CAAZAPA,3979,2,2.0
CAAZAPA,3985,5,5.0
CAAZAPA,4009,1,1.0
CAAZAPA,4012,4,4.0
CAAZAPA,4017,1,1.0
CAAZAPA,4026,1,1.0
CAAZAPA,4172,1,0.0
CAAZAPA,4173,2,2.0
CAAZAPA,4194,1,1.0
CAAZAPA,4197,4,3.0
CAAZAPA,4211,3,3.0
CAAZAPA,4219,3,3.0
CAAZAPA,4220,3,3.0
CAAZAPA,4221,3,3.0
CAAZAPA,4224,2,2.0
CAAZAPA,4247,6,1.0
CAAZAPA,4259,22,22.0
CAAZAPA,4260,5,5.0
CAAZAPA,4263,2,2.0
CAAZAPA,4264,4,4.0
CAAZAPA,4268,1,0.0
CAAZAPA,4296,1,0.0
CAAZAPA,4298,4,2.0
CAAZAPA,4314,1,1.0
CAAZAPA,4357,4,3.0
CAAZAPA,4366,1,0.0
CAAZAPA,4473,6,5.0
CAAZAPA,4484,1,1.0
CAAZAPA,4496,1,1.0
CAAZAPA,4507,1,1.0
CAAZAPA,4547,6,5.0
CAAZAPA,4562,1,0.0
CAAZAPA,4571,2,2.0
CAAZAPA,4601,3,0.0
CAAZAPA,4604,1,0.0
CAAZAPA,4688,1,0.0
CAAZAPA,4702,6,4.0
CAAZAPA,4712,1,1.0
CAAZAPA,4713,4,4.0
CAAZAPA,4776,3,2.0
CAAZAPA,4822,1,1.0
CAAZAPA,4889,1,1.0
CAAZAPA,4896,1,1.0
CAAZAPA,4913,1,1.0
CAAZAPA,4940,3,3.0
CAAZAPA,5284,1,1.0
CAAZAPA,Administración de empresas y derecho,30,30.0
CAAZAPA,"Agricultura, silvicultura, pesca y veterinaria",6,6.0
CAAZAPA,"Ciencias naturales, matemáticas y estadística",5,5.0
CAAZAPA,"Ciencias sociales, periodismo e información",3,3.0
CAAZAPA,Educación,31,31.0
CAAZAPA,Salud y bienestar,47,47.0
CAAZAPA,Tecnologías de la información y la comunicación (TIC),5,5.0
CANINDEYU,2450,1,1.0
CANINDEYU,2607,1,1.0
CANINDEYU,2776,1,1.0
CANINDEYU,2818,1,1.0
CANINDEYU,3078,1,1.0
CANINDEYU,3470,1,1.0
CANINDEYU,3504,1,1.0
CANINDEYU,3505,1,1.0
CANINDEYU,3672,2,1.0
CANINDEYU,3714,2,2.0
CANINDEYU,3738,1,1.0
CANINDEYU,3979,1,1.0
CANINDEYU,3985,1,1.0
CANINDEYU,4012,1,1.0
CANINDEYU,4173,1,1.0
CANINDEYU,4197,1,1.0
CANINDEYU,4211,1,1.0
CANINDEYU,4224,1,1.0
CANINDEYU,4247,1,1.0
CANINDEYU,4259,4,4.0
CANINDEYU,4260,1,1.0
CANINDEYU,4261,2,2.0
CANINDEYU,4263,2,2.0
CANINDEYU,4298,1,0.0
CANINDEYU,4357,1,1.0
CANINDEYU,4434,1,1.0
CANINDEYU,4473,1,0.0
CANINDEYU,4474,1,0.0
CANINDEYU,4484,1,0.0
CANINDEYU,4496,1,1.0
CANINDEYU,4601,1,0.0
CANINDEYU,4614,1,1.0
CANINDEYU,4637,1,1.0
CANINDEYU,4669,1,0.0
CANINDEYU,4688,1,0.0
CANINDEYU,4702,2,0.0
CANINDEYU,4708,2,2.0
CANINDEYU,4712,3,3.0
CANINDEYU,4713,2,2.0
CANINDEYU,4756,1,0.0
CANINDEYU,4776,1,1.0
CANINDEYU,4834,1,0.0
CANINDEYU,4904,1,1.0
CANINDEYU,4915,1,1.0
CANINDEYU,4940,1,1.0
CANINDEYU,807,1,1.0
CANINDEYU,Administración de empresas y derecho,34,33.0
CANINDEYU,"Agricultura, silvicultura, pesca y veterinaria",10,10.0
CANINDEYU,"Ciencias naturales, matemáticas y estadística",3,3.0
CANINDEYU,Educación,23,21.0
CANINDEYU,"Ingeniería, industria y construcción",1,1.0
CANINDEYU,Salud y bienestar,23,23.0
CANINDEYU,Servicios,3,3.0
CANINDEYU,Tecnologías de la información y la comunicación (TIC),6,6.0
CENTRAL,1162,1,1.0
CENTRAL,129,1,1.0
CENTRAL,1293,1,1.0
CENTRAL,1334,1,1.0
CENTRAL,2237,1,1.0
CENTRAL,2253,1,1.0
CENTRAL,2254,2,2.0
CENTRAL,2435,8,8.0
CENTRAL,2438,1,1.0
CENTRAL,2440,1,1.0
CENTRAL,2450,1,1.0
CENTRAL,2455,4,4.0
CENTRAL,2456,2,2.0
CENTRAL,2468,3,3.0
CENTRAL,2563,1,1.0
CENTRAL,2587,6,6.0
CENTRAL,2604,12,12.0
CENTRAL,2605,5,5.0
CENTRAL,2607,2,2.0
CENTRAL,2665,1,1.0
CENTRAL,2675,1,1.0
CENTRAL,2785,11,11.0
CENTRAL,2792,4,4.0
CENTRAL,2804,1,1.0
CENTRAL,2807,2,2.0
CENTRAL,2817,1,1.0
CENTRAL,2818,13,13.0
CENTRAL,2820,7,7.0
CENTRAL,2821,2,2.0
CENTRAL,2824,1,1.0
CENTRAL,2875,1,1.0
CENTRAL,2880,6,6.0
CENTRAL,2889,2,2.0
CENTRAL,2898,1,0.0
CENTRAL,2943,4,4.0
CENTRAL,2974,2,2.0
CENTRAL,3019,1,1.0
CENTRAL,3040,1,1.0
CENTRAL,3055,1,1.0
CENTRAL,3059,1,1.0
CENTRAL,3064,5,5.0
CENTRAL,3078,1,1.0
CENTRAL,3079,12,8.0
CENTRAL,3093,1,1.0
CENTRAL,3097,3,3.0
CENTRAL,3136,9,5.0
CENTRAL,3141,25,8.0
CENTRAL,319,1,1.0
CENTRAL,3227,3,3.0
CENTRAL,3228,3,3.0
CENTRAL,3234,1,1.0
CENTRAL,3235,1,1.0
CENTRAL,3236,1,1.0
CENTRAL,3243,1,1.0
CENTRAL,3247,1,1.0
CENTRAL,3252,1,1.0
CENTRAL,3256,1,1.0
CENTRAL,3257,1,1.0
CENTRAL,3273,2,2.0
CENTRAL,3275,1,1.0
CENTRAL,3288,1,1.0
CENTRAL,3326,1,0.0
CENTRAL,3328,1,1.0
CENTRAL,3332,1,1.0
CENTRAL,3333,1,1.0
CENTRAL,3339,4,4.0
CENTRAL,3343,2,2.0
CENTRAL,3348,1,1.0
CENTRAL,3438,1,1.0
CENTRAL,3457,1,1.0
CENTRAL,3470,2,2.0
CENTRAL,3519,34,24.0
CENTRAL,3545,1,1.0
CENTRAL,3571,1,1.0
CENTRAL,3591,1,1.0
CENTRAL,3616,2,2.0
CENTRAL,3698,7,7.0
CENTRAL,3703,5,5.0
CENTRAL,3707,2,2.0
CENTRAL,3708,1,1.0
CENTRAL,3710,6,6.0
CENTRAL,3714,7,7.0
CENTRAL,3715,13,13.0
CENTRAL,3716,8,8.0
CENTRAL,3719,2,2.0
CENTRAL,372,2,2.0
CENTRAL,3721,1,1.0
CENTRAL,3722,8,5.0
CENTRAL,3724,7,7.0
CENTRAL,3729,1,1.0
CENTRAL,3742,1,1.0
CENTRAL,3743,1,1.0
CENTRAL,3744,1,1.0
CENTRAL,3745,1,1.0
CENTRAL,3746,1,1.0
CENTRAL,3747,1,1.0
CENTRAL,3748,1,1.0
CENTRAL,3752,2,2.0
CENTRAL,3778,1,1.0
CENTRAL,3779,1,1.0
CENTRAL,3780,1,1.0
CENTRAL,3781,1,1.0
CENTRAL,3782,1,1.0
CENTRAL,3783,1,1.0
CENTRAL,3784,1,1.0
CENTRAL,3785,1,1.0
CENTRAL,3786,1,1.0
CENTRAL,3787,1,1.0
CENTRAL,3789,1,1.0
CENTRAL,3790,1,1.0
CENTRAL,3791,1,1.0
CENTRAL,3792,1,1.0
CENTRAL,3793,1,1.0
CENTRAL,3794,2,2.0
CENTRAL,3795,1,1.0
CENTRAL,3796,1,1.0
CENTRAL,3797,1,1.0
CENTRAL,3799,2,2.0
CENTRAL,3800,1,1.0
CENTRAL,3801,3,3.0
CENTRAL,3802,3,3.0
CENTRAL,3803,1,1.0
CENTRAL,3804,1,1.0
CENTRAL,3806,1,1.0
CENTRAL,3807,1,1.0
CENTRAL,3808,1,1.0
CENTRAL,3809,1,1.0
CENTRAL,3810,1,1.0
CENTRAL,3811,1,1.0
CENTRAL,3812,1,1.0
CENTRAL,3813,1,1.0
CENTRAL,3814,1,1.0
CENTRAL,3815,1,1.0
CENTRAL,3816,1,1.0
CENTRAL,3817,1,1.0
CENTRAL,3818,1,1.0
CENTRAL,3819,1,1.0
CENTRAL,3820,1,1.0
CENTRAL,3821,1,1.0
CENTRAL,3822,1,1.0
CENTRAL,3823,1,1.0
CENTRAL,3825,1,1.0
CENTRAL,3826,1,1.0
CENTRAL,3827,1,1.0
CENTRAL,3828,1,1.0
CENTRAL,3829,1,1.0
CENTRAL,3831,9,8.0
CENTRAL,3832,6,5.0
CENTRAL,3833,8,8.0
CENTRAL,3834,3,3.0
CENTRAL,3835,6,6.0
CENTRAL,3836,2,2.0
CENTRAL,3837,1,1.0
CENTRAL,3838,1,1.0
CENTRAL,3840,1,1.0
CENTRAL,3841,1,1.0
CENTRAL,3842,1,1.0
CENTRAL,3844,1,1.0
CENTRAL,3847,3,3.0
CENTRAL,3848,1,1.0
CENTRAL,3926,1,1.0
CENTRAL,3947,1,1.0
CENTRAL,3948,1,1.0
CENTRAL,3949,1,1.0
CENTRAL,3950,1,1.0
CENTRAL,3954,1,1.0
CENTRAL,3955,1,1.0
CENTRAL,3960,1,1.0
CENTRAL,3961,1,1.0
CENTRAL,3967,3,2.0
CENTRAL,3970,1,1.0
CENTRAL,3971,1,1.0
CENTRAL,3979,2,2.0
CENTRAL,3984,1,1.0
CENTRAL,3985,3,3.0
CENTRAL,4008,1,1.0
CENTRAL,4009,2,2.0
CENTRAL,4012,2,2.0
CENTRAL,4070,1,1.0
CENTRAL,4072,1,1.0
CENTRAL,4074,1,1.0
CENTRAL,4075,1,1.0
CENTRAL,4077,1,1.0
CENTRAL,4078,1,1.0
CENTRAL,4079,1,1.0
CENTRAL,4080,1,1.0
CENTRAL,4081,1,1.0
CENTRAL,4084,1,1.0
CENTRAL,4089,1,1.0
CENTRAL,4090,1,1.0
CENTRAL,4105,1,1.0
CENTRAL,4107,1,1.0
CENTRAL,4108,1,1.0
CENTRAL,4109,1,1.0
CENTRAL,4111,1,1.0
CENTRAL,4112,1,1.0
CENTRAL,4125,1,1.0
CENTRAL,4132,1,1.0
CENTRAL,4135,1,1.0
CENTRAL,4138,1,1.0
CENTRAL,4143,1,1.0
CENTRAL,4159,1,1.0
CENTRAL,4160,1,1.0
CENTRAL,4167,1,1.0
CENTRAL,4173,1,1.0
CENTRAL,4197,2,2.0
CENTRAL,4198,1,1.0
CENTRAL,4211,2,2.0
CENTRAL,4224,2,2.0
CENTRAL,4228,1,1.0
CENTRAL,4242,1,1.0
CENTRAL,4246,1,1.0
CENTRAL,4247,16,8.0
CENTRAL,4255,3,3.0
CENTRAL,4256,7,7.0
CENTRAL,4257,2,2.0
CENTRAL,4259,45,44.0
CENTRAL,4260,6,6.0
CENTRAL,4261,4,4.0
CENTRAL,4263,4,4.0
CENTRAL,4264,5,5.0
CENTRAL,4265,3,3.0
CENTRAL,4298,22,12.0
CENTRAL,4299,1,0.0
CENTRAL,4302,1,1.0
CENTRAL,4304,1,1.0
CENTRAL,4332,1,1.0
CENTRAL,4340,3,3.0
CENTRAL,4343,4,4.0
CENTRAL,4354,6,6.0
CENTRAL,4357,2,2.0
CENTRAL,4366,1,0.0
CENTRAL,4382,1,1.0
CENTRAL,4385,2,2.0
CENTRAL,4386,4,3.0
CENTRAL,4412,3,3.0
CENTRAL,4413,6,6.0
CENTRAL,4414,6,6.0
CENTRAL,4415,1,1.0
CENTRAL,4416,2,2.0
CENTRAL,4418,1,1.0
CENTRAL,4428,2,2.0
CENTRAL,4429,1,1.0
CENTRAL,4430,1,1.0
CENTRAL,4432,1,1.0
CENTRAL,4435,1,1.0
CENTRAL,4448,1,1.0
CENTRAL,4464,1,1.0
CENTRAL,4473,18,10.0
CENTRAL,4484,1,0.0
CENTRAL,4496,3,3.0
CENTRAL,4501,3,3.0
CENTRAL,4502,1,1.0
CENTRAL,4507,1,1.0
CENTRAL,4547,19,16.0
CENTRAL,4548,1,0.0
CENTRAL,4550,1,1.0
CENTRAL,4557,1,1.0
CENTRAL,4560,1,1.0
CENTRAL,4569,1,1.0
CENTRAL,4572,1,1.0
CENTRAL,4586,2,0.0
CENTRAL,4593,1,1.0
CENTRAL,4601,2,0.0
CENTRAL,4609,3,3.0
CENTRAL,4610,3,3.0
CENTRAL,4622,3,2.0
CENTRAL,4625,1,1.0
CENTRAL,4628,1,1.0
CENTRAL,4629,1,1.0
CENTRAL,4630,1,1.0
CENTRAL,4634,2,0.0
CENTRAL,4636,1,1.0
CENTRAL,4639,5,5.0
CENTRAL,4650,1,1.0
CENTRAL,4651,1,1.0
CENTRAL,4652,1,1.0
CENTRAL,4668,1,1.0
CENTRAL,4669,8,6.0
CENTRAL,4670,4,3.0
CENTRAL,4678,7,5.0
CENTRAL,4679,1,0.0
CENTRAL,4680,1,0.0
CENTRAL,4688,3,0.0
CENTRAL,4702,21,10.0
CENTRAL,4712,1,1.0
CENTRAL,4713,26,26.0
CENTRAL,4714,2,2.0
CENTRAL,4737,1,1.0
CENTRAL,4740,2,2.0
CENTRAL,4776,2,2.0
CENTRAL,4785,1,1.0
CENTRAL,4806,2,2.0
CENTRAL,4820,1,1.0
CENTRAL,4832,2,2.0
CENTRAL,4834,1,0.0
CENTRAL,4842,2,2.0
CENTRAL,4850,1,1.0
CENTRAL,4851,4,4.0
CENTRAL,4885,1,1.0
CENTRAL,4889,10,9.0
CENTRAL,4894,5,5.0
CENTRAL,4895,5,5.0
CENTRAL,4896,5,5.0
CENTRAL,4898,1,1.0
CENTRAL,4925,1,1.0
CENTRAL,4940,2,2.0
CENTRAL,4957,2,2.0
CENTRAL,5004,1,1.0
CENTRAL,5010,3,2.0
CENTRAL,5017,1,1.0
CENTRAL,5037,1,0.0
CENTRAL,505,1,1.0
CENTRAL,5055,7,7.0
CENTRAL,511,1,1.0
CENTRAL,5136,1,0.0
CENTRAL,5177,1,1.0
CENTRAL,5284,2,0.0
CENTRAL,5285,1,0.0
CENTRAL,5291,1,0.0
CENTRAL,5292,1,1.0
CENTRAL,5293,1,0.0
CENTRAL,534,1,1.0
CENTRAL,718,1,1.0
CENTRAL,889,8,8.0
CENTRAL,922,1,1.0
CENTRAL,943,1,1.0
CENTRAL,963,1,1.0
CENTRAL,975,1,1.0
CENTRAL,Administración de empresas y derecho,419,408.0
CENTRAL,"Agricultura, silvicultura, pesca y veterinaria",30,30.0
CENTRAL,Artes y humanidades,50,46.0
CENTRAL,"Ciencias naturales, matemáticas y estadística",71,70.0
CENTRAL,"Ciencias sociales, periodismo e información",54,53.0
CENTRAL,Educación,198,185.0
CENTRAL,"Ingeniería, industria y construcción",72,68.0
CENTRAL,Salud y bienestar,577,557.0
CENTRAL,Servicios,42,42.0
CENTRAL,Tecnologías de la información y la comunicación (TIC),47,44.0
CONCEPCION,207,1,1.0
CONCEPCION,2438,1,1.0
CONCEPCION,2450,3,3.0
CONCEPCION,2571,1,1.0
CONCEPCION,2719,1,1.0
CONCEPCION,2792,1,1.0
CONCEPCION,2834,1,1.0
CONCEPCION,2943,1,1.0
CONCEPCION,2949,1,1.0
CONCEPCION,2974,1,1.0
CONCEPCION,3077,3,2.0
CONCEPCION,3078,2,2.0
CONCEPCION,3079,1,1.0
CONCEPCION,3136,5,3.0
CONCEPCION,3169,1,1.0
CONCEPCION,3170,1,1.0
CONCEPCION,3171,3,3.0
CONCEPCION,3257,2,2.0
CONCEPCION,3339,1,1.0
CONCEPCION,3343,1,1.0
CONCEPCION,3455,1,1.0
CONCEPCION,3470,3,2.0
CONCEPCION,3519,2,1.0
CONCEPCION,3573,1,1.0
CONCEPCION,3672,2,1.0
CONCEPCION,3690,1,1.0
CONCEPCION,3691,1,1.0
CONCEPCION,3716,1,1.0
CONCEPCION,3738,1,1.0
CONCEPCION,3752,1,1.0
CONCEPCION,3926,1,1.0
CONCEPCION,3963,1,1.0
CONCEPCION,3979,2,2.0
CONCEPCION,3985,3,3.0
CONCEPCION,4009,1,1.0
CONCEPCION,4012,2,2.0
CONCEPCION,4031,1,1.0
CONCEPCION,4032,1,1.0
CONCEPCION,4173,1,1.0
CONCEPCION,4197,3,3.0
CONCEPCION,4211,3,3.0
CONCEPCION,4224,2,2.0
CONCEPCION,4247,5,2.0
CONCEPCION,4259,17,17.0
CONCEPCION,4260,4,4.0
CONCEPCION,4263,2,2.0
CONCEPCION,4264,2,2.0
CONCEPCION,4265,1,1.0
CONCEPCION,4273,1,1.0
CONCEPCION,4298,6,2.0
CONCEPCION,4325,1,1.0
CONCEPCION,4357,2,2.0
CONCEPCION,4366,2,0.0
CONCEPCION,4369,1,1.0
CONCEPCION,4385,1,1.0
CONCEPCION,4473,3,2.0
CONCEPCION,4478,1,1.0
CONCEPCION,4484,1,1.0
CONCEPCION,4529,1,1.0
CONCEPCION,4547,3,3.0
CONCEPCION,4571,1,1.0
CONCEPCION,4601,1,0.0
CONCEPCION,4611,1,0.0
CONCEPCION,4622,1,0.0
CONCEPCION,4668,2,1.0
CONCEPCION,4669,3,2.0
CONCEPCION,4670,2,1.0
CONCEPCION,4678,1,1.0
CONCEPCION,4688,1,0.0
CONCEPCION,4702,4,1.0
CONCEPCION,4712,2,2.0
CONCEPCION,4713,8,8.0
CONCEPCION,4734,1,1.0
CONCEPCION,4776,2,2.0
CONCEPCION,4788,1,1.0
CONCEPCION,4820,1,1.0
CONCEPCION,4832,1,1.0
CONCEPCION,4834,1,0.0
CONCEPCION,4889,3,3.0
CONCEPCION,4895,2,2.0
CONCEPCION,4940,2,2.0
CONCEPCION,5010,1,1.0
CONCEPCION,5055,1,1.0
CONCEPCION,5284,1,0.0
CONCEPCION,Administración de empresas y derecho,59,59.0
CONCEPCION,"Agricultura, silvicultura, pesca y veterinaria",8,8.0
CONCEPCION,"Ciencias naturales, matemáticas y estadística",5,5.0
CONCEPCION,"Ciencias sociales, periodismo e información",5,5.0
CONCEPCION,Educación,56,56.0
CONCEPCION,"Ingeniería, industria y construcción",3,3.0
CONCEPCION,Salud y bienestar,75,75.0
CONCEPCION,Servicios,1,1.0
CONCEPCION,Tecnologías de la información y la comunicación (TIC),7,7.0
CORDILLERA,1334,1,1.0
CORDILLERA,2434,1,1.0
CORDILLERA,2450,1,1.0
CORDILLERA,2571,1,1.0
CORDILLERA,2607,2,2.0
CORDILLERA,2792,1,1.0
CORDILLERA,2943,7,7.0
CORDILLERA,3078,1,1.0
CORDILLERA,3079,5,5.0
CORDILLERA,3136,1,1.0
CORDILLERA,3213,1,1.0
CORDILLERA,3217,1,1.0
CORDILLERA,3221,2,2.0
CORDILLERA,3230,1,1.0
CORDILLERA,3232,1,1.0
CORDILLERA,3257,3,3.0
CORDILLERA,3332,3,3.0
CORDILLERA,3339,3,3.0
CORDILLERA,3470,1,1.0
CORDILLERA,3519,5,5.0
CORDILLERA,3731,1,1.0
CORDILLERA,3979,3,3.0
CORDILLERA,3985,6,6.0
CORDILLERA,3986,1,1.0
CORDILLERA,3987,1,1.0
CORDILLERA,4009,2,2.0
CORDILLERA,4012,4,4.0
CORDILLERA,4020,1,1.0
CORDILLERA,4024,1,1.0
CORDILLERA,4043,1,1.0
CORDILLERA,4114,1,1.0
CORDILLERA,4148,1,1.0
CORDILLERA,4173,3,3.0
CORDILLERA,4192,1,1.0
CORDILLERA,4197,3,3.0
CORDILLERA,4211,3,3.0
CORDILLERA,4224,3,3.0
CORDILLERA,4226,2,2.0
CORDILLERA,4247,5,4.0
CORDILLERA,4256,3,3.0
CORDILLERA,4259,30,29.0
CORDILLERA,4260,4,4.0
CORDILLERA,4261,1,1.0
CORDILLERA,4263,4,4.0
CORDILLERA,4264,2,2.0
CORDILLERA,4265,1,1.0
CORDILLERA,4279,1,1.0
CORDILLERA,4298,4,4.0
CORDILLERA,4357,1,1.0
CORDILLERA,4366,1,0.0
CORDILLERA,4473,3,3.0
CORDILLERA,4478,1,1.0
CORDILLERA,4484,1,1.0
CORDILLERA,4486,1,1.0
CORDILLERA,4503,1,1.0
CORDILLERA,4525,1,0.0
CORDILLERA,4547,7,7.0
CORDILLERA,4571,2,2.0
CORDILLERA,4578,2,2.0
CORDILLERA,4581,1,0.0
CORDILLERA,4593,1,1.0
CORDILLERA,4595,1,0.0
CORDILLERA,4601,4,0.0
CORDILLERA,4622,3,3.0
CORDILLERA,4670,1,1.0
CORDILLERA,4687,1,0.0
CORDILLERA,4689,1,0.0
CORDILLERA,4702,6,4.0
CORDILLERA,4712,3,3.0
CORDILLERA,4713,9,9.0
CORDILLERA,4776,2,2.0
CORDILLERA,4786,1,1.0
CORDILLERA,4834,2,0.0
CORDILLERA,4889,2,2.0
CORDILLERA,4895,2,2.0
CORDILLERA,4896,4,4.0
CORDILLERA,4940,3,3.0
CORDILLERA,505,3,3.0
CORDILLERA,5055,2,2.0
CORDILLERA,5284,1,1.0
CORDILLERA,Administración de empresas y derecho,44,44.0
CORDILLERA,"Agricultura, silvicultura, pesca y veterinaria",3,3.0
CORDILLERA,Artes y humanidades,6,6.0
CORDILLERA,"Ciencias naturales, matemáticas y estadística",4,4.0
CORDILLERA,Educación,32,32.0
CORDILLERA,Salud y bienestar,119,119.0
CORDILLERA,Servicios,6,6.0
CORDILLERA,Tecnologías de la información y la comunicación (TIC),11,11.0
GUAIRA,155,1,1.0
GUAIRA,2449,2,2.0
GUAIRA,2705,1,1.0
GUAIRA,2792,1,1.0
GUAIRA,2806,1,1.0
GUAIRA,2880,2,2.0
GUAIRA,3019,1,1.0
GUAIRA,3136,2,2.0
GUAIRA,3179,1,1.0
GUAIRA,3221,1,1.0
GUAIRA,3223,1,1.0
GUAIRA,3322,2,2.0
GUAIRA,3339,1,1.0
GUAIRA,3470,3,3.0
GUAIRA,3519,4,3.0
GUAIRA,3552,1,1.0
GUAIRA,3559,1,1.0
GUAIRA,3560,1,1.0
GUAIRA,3583,1,1.0
GUAIRA,3584,1,1.0
GUAIRA,3585,1,1.0
GUAIRA,3672,2,2.0
GUAIRA,3721,1,1.0
GUAIRA,3752,1,1.0
GUAIRA,3979,3,3.0
GUAIRA,3985,5,5.0
GUAIRA,3987,1,1.0
GUAIRA,4002,1,1.0
GUAIRA,4009,1,1.0
GUAIRA,4012,3,3.0
GUAIRA,4137,1,1.0
GUAIRA,4173,3,3.0
GUAIRA,4190,1,1.0
GUAIRA,4197,3,3.0
GUAIRA,4211,3,3.0
GUAIRA,4219,1,0.0
GUAIRA,4224,3,3.0
GUAIRA,4247,2,0.0
GUAIRA,4256,1,1.0
GUAIRA,4259,29,29.0
GUAIRA,4260,6,6.0
GUAIRA,4261,3,3.0
GUAIRA,4263,4,4.0
GUAIRA,4264,4,4.0
GUAIRA,4265,2,2.0
GUAIRA,4298,2,0.0
GUAIRA,4320,2,1.0
GUAIRA,4334,5,5.0
GUAIRA,4335,1,0.0
GUAIRA,4357,3,3.0
GUAIRA,4366,2,0.0
GUAIRA,4370,1,1.0
GUAIRA,4385,1,1.0
GUAIRA,4472,1,1.0
GUAIRA,4473,7,4.0
GUAIRA,4484,3,3.0
GUAIRA,4547,1,1.0
GUAIRA,4557,1,1.0
GUAIRA,4571,2,2.0
GUAIRA,4601,3,0.0
GUAIRA,4622,1,1.0
GUAIRA,4669,1,1.0
GUAIRA,4689,1,0.0
GUAIRA,4702,7,4.0
GUAIRA,4712,1,1.0
GUAIRA,4713,4,4.0
GUAIRA,4743,1,1.0
GUAIRA,4776,3,3.0
GUAIRA,4828,1,1.0
GUAIRA,4832,1,1.0
GUAIRA,4834,2,0.0
GUAIRA,4879,1,1.0
GUAIRA,4889,1,1.0
GUAIRA,4895,2,2.0
GUAIRA,4896,3,3.0
GUAIRA,4940,3,3.0
GUAIRA,5055,2,2.0
GUAIRA,5074,1,1.0
GUAIRA,5081,1,1.0
GUAIRA,5164,1,1.0
GUAIRA,5284,1,0.0
GUAIRA,Administración de empresas y derecho,48,48.0
GUAIRA,"Agricultura, silvicultura, pesca y veterinaria",3,3.0
GUAIRA,Artes y humanidades,3,3.0
GUAIRA,"Ciencias naturales, matemáticas y estadística",7,6.0
GUAIRA,"Ciencias sociales, periodismo e información",11,11.0
GUAIRA,Educación,64,57.0
GUAIRA,"Ingeniería, industria y construcción",9,9.0
GUAIRA,Salud y bienestar,105,97.0
GUAIRA,Servicios,2,2.0
GUAIRA,Tecnologías de la información y la comunicación (TIC),9,9.0
ITAPUA,2036,1,1.0
ITAPUA,2434,1,1.0
ITAPUA,2446,2,2.0
ITAPUA,2450,1,1.0
ITAPUA,2578,1,1.0
ITAPUA,2683,2,2.0
ITAPUA,2704,3,3.0
ITAPUA,2782,1,1.0
ITAPUA,2792,8,7.0
ITAPUA,2806,2,2.0
ITAPUA,2855,6,6.0
ITAPUA,3078,1,1.0
ITAPUA,3079,3,3.0
ITAPUA,3091,3,2.0
ITAPUA,3136,8,7.0
ITAPUA,3230,2,2.0
ITAPUA,3232,1,1.0
ITAPUA,3244,3,2.0
ITAPUA,3245,3,3.0
ITAPUA,3257,3,3.0
ITAPUA,3323,1,1.0
ITAPUA,3326,1,0.0
ITAPUA,3328,1,1.0
ITAPUA,3332,6,5.0
ITAPUA,3339,5,5.0
ITAPUA,3343,3,3.0
ITAPUA,3354,1,1.0
ITAPUA,3363,1,1.0
ITAPUA,3364,1,1.0
ITAPUA,3433,1,1.0
ITAPUA,3454,1,1.0
ITAPUA,3460,1,1.0
ITAPUA,3470,4,4.0
ITAPUA,3478,1,1.0
ITAPUA,3491,1,1.0
ITAPUA,3492,2,1.0
ITAPUA,3500,1,1.0
ITAPUA,3519,19,14.0
ITAPUA,3534,1,1.0
ITAPUA,3563,1,1.0
ITAPUA,3568,1,1.0
ITAPUA,3576,1,1.0
ITAPUA,3577,1,1.0
ITAPUA,3578,1,1.0
ITAPUA,3579,1,1.0
ITAPUA,3624,2,2.0
ITAPUA,3708,1,1.0
ITAPUA,3714,2,2.0
ITAPUA,372,2,2.0
ITAPUA,3728,1,1.0
ITAPUA,3729,1,1.0
ITAPUA,3737,2,2.0
ITAPUA,3739,1,1.0
ITAPUA,3740,1,1.0
ITAPUA,3750,1,1.0
ITAPUA,3751,1,1.0
ITAPUA,3752,1,1.0
ITAPUA,3832,1,1.0
ITAPUA,3979,4,4.0
ITAPUA,3985,7,7.0
ITAPUA,4007,1,1.0
ITAPUA,4009,1,1.0
ITAPUA,4010,1,1.0
ITAPUA,4012,5,5.0
ITAPUA,4013,1,1.0
ITAPUA,4014,1,1.0
ITAPUA,4015,1,1.0
ITAPUA,4016,1,1.0
ITAPUA,4017,1,1.0
ITAPUA,404,1,1.0
ITAPUA,408,1,1.0
ITAPUA,4118,3,3.0
ITAPUA,4119,1,1.0
ITAPUA,4128,1,1.0
ITAPUA,4150,2,2.0
ITAPUA,4157,2,1.0
ITAPUA,4158,1,1.0
ITAPUA,4160,1,1.0
ITAPUA,4172,2,0.0
ITAPUA,4173,5,5.0
ITAPUA,4183,2,1.0
ITAPUA,4189,1,1.0
ITAPUA,4193,1,1.0
ITAPUA,4197,5,5.0
ITAPUA,4199,1,1.0
ITAPUA,4211,5,5.0
ITAPUA,4224,5,5.0
ITAPUA,4225,1,1.0
ITAPUA,4247,9,6.0
ITAPUA,4252,1,1.0
ITAPUA,4254,1,1.0
ITAPUA,4256,3,3.0
ITAPUA,4259,62,60.0
ITAPUA,4260,4,4.0
ITAPUA,4261,2,2.0
ITAPUA,4264,7,7.0
ITAPUA,4276,1,1.0
ITAPUA,4292,1,1.0
ITAPUA,4296,1,0.0
ITAPUA,4298,16,9.0
ITAPUA,4305,1,1.0
ITAPUA,4319,1,1.0
ITAPUA,4321,1,0.0
ITAPUA,4322,1,0.0
ITAPUA,4323,1,1.0
ITAPUA,4324,1,0.0
ITAPUA,4334,2,2.0
ITAPUA,4335,1,0.0
ITAPUA,4337,1,1.0
ITAPUA,435,2,1.0
ITAPUA,4357,6,5.0
ITAPUA,4358,2,2.0
ITAPUA,4366,2,0.0
ITAPUA,4385,1,1.0
ITAPUA,4386,1,1.0
ITAPUA,4413,3,3.0
ITAPUA,4473,10,8.0
ITAPUA,4478,1,1.0
ITAPUA,4480,2,2.0
ITAPUA,4484,4,0.0
ITAPUA,4486,1,1.0
ITAPUA,4496,6,6.0
ITAPUA,4503,1,0.0
ITAPUA,4505,1,1.0
ITAPUA,4506,1,1.0
ITAPUA,4510,1,1.0
ITAPUA,4519,1,0.0
ITAPUA,4525,1,1.0
ITAPUA,4527,1,1.0
ITAPUA,4536,1,1.0
ITAPUA,4547,11,8.0
ITAPUA,4550,1,1.0
ITAPUA,4551,1,1.0
ITAPUA,4560,1,1.0
ITAPUA,4589,1,0.0
ITAPUA,4590,1,0.0
ITAPUA,4591,1,0.0
ITAPUA,4592,1,0.0
ITAPUA,4601,4,0.0
ITAPUA,4629,1,1.0
ITAPUA,4638,1,0.0
ITAPUA,4668,2,2.0
ITAPUA,4669,3,3.0
ITAPUA,4670,2,2.0
ITAPUA,4678,2,2.0
ITAPUA,4688,1,0.0
ITAPUA,4702,12,10.0
ITAPUA,4703,4,2.0
ITAPUA,4710,1,1.0
ITAPUA,4711,2,2.0
ITAPUA,4712,2,2.0
ITAPUA,4713,17,17.0
ITAPUA,4741,2,2.0
ITAPUA,4749,1,1.0
ITAPUA,4753,1,1.0
ITAPUA,4776,5,5.0
ITAPUA,4782,1,1.0
ITAPUA,4820,1,1.0
ITAPUA,4823,1,1.0
ITAPUA,4832,4,3.0
ITAPUA,4834,2,0.0
ITAPUA,4839,1,0.0
ITAPUA,4882,1,1.0
ITAPUA,4886,1,0.0
ITAPUA,4889,25,22.0
ITAPUA,4894,5,5.0
ITAPUA,4895,4,4.0
ITAPUA,4896,3,3.0
ITAPUA,4902,1,1.0
ITAPUA,4903,1,1.0
ITAPUA,4940,5,5.0
ITAPUA,4952,2,2.0
ITAPUA,4995,2,2.0
ITAPUA,5010,4,4.0
ITAPUA,5044,1,1.0
ITAPUA,5055,4,4.0
ITAPUA,5151,1,0.0
ITAPUA,5187,1,1.0
ITAPUA,5193,2,2.0
ITAPUA,5284,6,2.0
ITAPUA,65,1,1.0
ITAPUA,701,1,1.0
ITAPUA,814,1,1.0
ITAPUA,Administración de empresas y derecho,256,246.0
ITAPUA,"Agricultura, silvicultura, pesca y veterinaria",32,32.0
ITAPUA,Artes y humanidades,41,34.0
ITAPUA,"Ciencias naturales, matemáticas y estadística",13,12.0
ITAPUA,"Ciencias sociales, periodismo e información",23,22.0
ITAPUA,Educación,114,110.0
ITAPUA,"Ingeniería, industria y construcción",23,23.0
ITAPUA,Programas y certificaciones genéricos,3,3.0
ITAPUA,Salud y bienestar,215,191.0
ITAPUA,Servicios,29,25.0
ITAPUA,Tecnologías de la información y la comunicación (TIC),40,36.0
MISIONES,1162,1,1.0
MISIONES,2712,1,1.0
MISIONES,2792,1,1.0
MISIONES,2795,3,3.0
MISIONES,2860,1,1.0
MISIONES,2890,3,3.0
MISIONES,2940,1,1.0
MISIONES,2975,1,1.0
MISIONES,3079,3,2.0
MISIONES,3136,2,2.0
MISIONES,3339,2,2.0
MISIONES,3470,2,2.0
MISIONES,3478,1,0.0
MISIONES,3497,1,1.0
MISIONES,3519,2,1.0
MISIONES,3533,1,1.0
MISIONES,3535,1,1.0
MISIONES,3568,1,1.0
MISIONES,372,1,1.0
MISIONES,3731,1,1.0
MISIONES,3732,2,2.0
MISIONES,3754,2,2.0
MISIONES,3845,1,1.0
MISIONES,3846,1,1.0
MISIONES,3954,1,1.0
MISIONES,3961,1,1.0
MISIONES,3973,1,1.0
MISIONES,3979,3,3.0
MISIONES,3985,4,4.0
MISIONES,3987,1,1.0
MISIONES,4009,2,2.0
MISIONES,4012,3,3.0
MISIONES,4020,1,1.0
MISIONES,4021,1,1.0
MISIONES,4022,1,1.0
MISIONES,4148,1,1.0
MISIONES,4160,1,1.0
MISIONES,4166,1,1.0
MISIONES,4173,3,3.0
MISIONES,4189,1,1.0
MISIONES,4197,3,3.0
MISIONES,4211,3,3.0
MISIONES,4219,3,3.0
MISIONES,4220,3,3.0
MISIONES,4221,3,3.0
MISIONES,4224,3,3.0
MISIONES,4247,6,2.0
MISIONES,4259,19,19.0
MISIONES,4260,2,2.0
MISIONES,4263,1,1.0
MISIONES,4264,1,1.0
MISIONES,4265,1,1.0
MISIONES,4268,1,0.0
MISIONES,4274,1,1.0
MISIONES,4283,1,1.0
MISIONES,4285,1,1.0
MISIONES,4286,1,1.0
MISIONES,4287,1,1.0
MISIONES,4288,1,1.0
MISIONES,4289,1,1.0
MISIONES,4298,5,1.0
MISIONES,4299,1,0.0
MISIONES,4320,2,1.0
MISIONES,4335,1,0.0
MISIONES,4357,3,3.0
MISIONES,4366,2,0.0
MISIONES,4399,1,1.0
MISIONES,4473,3,1.0
MISIONES,4484,1,0.0
MISIONES,4496,1,1.0
MISIONES,4500,2,2.0
MISIONES,4517,1,1.0
MISIONES,4547,9,2.0
MISIONES,4578,1,1.0
MISIONES,4601,3,0.0
MISIONES,4666,1,0.0
MISIONES,4668,3,3.0
MISIONES,4670,5,3.0
MISIONES,4687,1,0.0
MISIONES,4702,6,3.0
MISIONES,4713,4,4.0
MISIONES,4776,3,3.0
MISIONES,4805,1,1.0
MISIONES,4818,2,2.0
MISIONES,4819,1,1.0
MISIONES,4832,1,1.0
MISIONES,4895,1,1.0
MISIONES,4908,1,1.0
MISIONES,4940,3,3.0
MISIONES,5010,1,0.0
MISIONES,505,2,2.0
MISIONES,5281,1,1.0
MISIONES,Administración de empresas y derecho,38,38.0
MISIONES,"Agricultura, silvicultura, pesca y veterinaria",2,2.0
MISIONES,"Ciencias naturales, matemáticas y estadística",5,5.0
MISIONES,"Ciencias sociales, periodismo e información",5,5.0
MISIONES,Educación,43,42.0
MISIONES,"Ingeniería, industria y construcción",9,9.0
MISIONES,Salud y bienestar,75,73.0
MISIONES,Servicios,3,3.0
MISIONES,Tecnologías de la información y la comunicación (TIC),11,11.0
NEEMBUCU,1031,1,1.0
NEEMBUCU,2870,3,3.0
NEEMBUCU,3079,1,1.0
NEEMBUCU,3257,1,1.0
NEEMBUCU,3470,2,2.0
NEEMBUCU,3519,4,1.0
NEEMBUCU,3979,2,2.0
NEEMBUCU,3985,3,3.0
NEEMBUCU,4009,1,1.0
NEEMBUCU,4012,3,3.0
NEEMBUCU,4013,1,1.0
NEEMBUCU,4166,1,1.0
NEEMBUCU,4173,1,1.0
NEEMBUCU,4182,1,1.0
NEEMBUCU,4197,2,2.0
NEEMBUCU,4211,2,2.0
NEEMBUCU,4224,1,1.0
NEEMBUCU,4247,6,4.0
NEEMBUCU,4259,12,12.0
NEEMBUCU,4260,6,6.0
NEEMBUCU,4261,1,1.0
NEEMBUCU,4263,1,1.0
NEEMBUCU,4264,1,1.0
NEEMBUCU,4278,1,1.0
NEEMBUCU,4298,1,1.0
NEEMBUCU,4320,2,1.0
NEEMBUCU,4357,2,2.0
NEEMBUCU,4366,2,0.0
NEEMBUCU,4473,4,3.0
NEEMBUCU,4484,1,0.0
NEEMBUCU,4547,3,2.0
NEEMBUCU,4601,2,0.0
NEEMBUCU,4615,1,1.0
NEEMBUCU,4702,2,0.0
NEEMBUCU,4712,1,1.0
NEEMBUCU,4713,3,3.0
NEEMBUCU,4776,2,2.0
NEEMBUCU,4896,3,3.0
NEEMBUCU,4940,2,2.0
NEEMBUCU,5010,1,0.0
NEEMBUCU,5055,1,1.0
NEEMBUCU,884,2,2.0
NEEMBUCU,Administración de empresas y derecho,34,33.0
NEEMBUCU,"Agricultura, silvicultura, pesca y veterinaria",3,3.0
NEEMBUCU,Artes y humanidades,1,1.0
NEEMBUCU,"Ciencias naturales, matemáticas y estadística",9,9.0
NEEMBUCU,"Ciencias sociales, periodismo e información",7,6.0
NEEMBUCU,Educación,16,13.0
NEEMBUCU,"Ingeniería, industria y construcción",2,2.0
NEEMBUCU,Salud y bienestar,21,21.0
NEEMBUCU,Servicios,1,1.0
NEEMBUCU,Tecnologías de la información y la comunicación (TIC),4,4.0
PARAGUARI,1162,1,1.0
PARAGUARI,1378,2,2.0
PARAGUARI,2526,1,1.0
PARAGUARI,2712,1,1.0
PARAGUARI,2782,1,1.0
PARAGUARI,2806,1,1.0
PARAGUARI,2880,1,1.0
PARAGUARI,3079,2,2.0
PARAGUARI,3136,3,2.0
PARAGUARI,3156,1,1.0
PARAGUARI,3182,1,1.0
PARAGUARI,3223,1,1.0
PARAGUARI,3231,1,1.0
PARAGUARI,3257,1,1.0
PARAGUARI,3332,1,1.0
PARAGUARI,3339,4,4.0
PARAGUARI,3377,1,1.0
PARAGUARI,3460,1,1.0
PARAGUARI,3470,1,1.0
PARAGUARI,3519,14,11.0
PARAGUARI,370,2,2.0
PARAGUARI,3979,2,2.0
PARAGUARI,3982,1,1.0
PARAGUARI,3985,3,3.0
PARAGUARI,3993,1,1.0
PARAGUARI,4009,2,2.0
PARAGUARI,4012,2,2.0
PARAGUARI,4020,1,1.0
PARAGUARI,4121,1,1.0
PARAGUARI,4124,1,1.0
PARAGUARI,4148,1,1.0
PARAGUARI,4153,2,2.0
PARAGUARI,4168,1,1.0
PARAGUARI,4170,1,1.0
PARAGUARI,4173,2,2.0
PARAGUARI,4174,1,1.0
PARAGUARI,4177,1,1.0
PARAGUARI,4184,1,1.0
PARAGUARI,4185,1,1.0
PARAGUARI,4189,1,1.0
PARAGUARI,4197,2,2.0
PARAGUARI,4211,2,2.0
PARAGUARI,4224,2,2.0
PARAGUARI,4247,10,6.0
PARAGUARI,4252,4,4.0
PARAGUARI,4259,42,42.0
PARAGUARI,4260,15,15.0
PARAGUARI,4261,3,3.0
PARAGUARI,4263,7,7.0
PARAGUARI,4264,9,9.0
PARAGUARI,4265,7,7.0
PARAGUARI,4290,1,1.0
PARAGUARI,4296,1,0.0
PARAGUARI,4298,3,3.0
PARAGUARI,4335,1,0.0
PARAGUARI,4357,2,2.0
PARAGUARI,4366,1,0.0
PARAGUARI,4370,1,1.0
PARAGUARI,4431,1,1.0
PARAGUARI,4473,7,4.0
PARAGUARI,4484,1,0.0
PARAGUARI,4496,2,2.0
PARAGUARI,4526,1,0.0
PARAGUARI,4547,4,3.0
PARAGUARI,4578,1,1.0
PARAGUARI,4588,1,0.0
PARAGUARI,4601,2,0.0
PARAGUARI,4611,1,1.0
PARAGUARI,4615,2,2.0
PARAGUARI,4622,1,0.0
PARAGUARI,4653,1,1.0
PARAGUARI,4654,1,0.0
PARAGUARI,4669,2,1.0
PARAGUARI,4670,2,1.0
PARAGUARI,4678,1,0.0
PARAGUARI,4696,1,1.0
PARAGUARI,4702,6,5.0
PARAGUARI,4712,2,2.0
PARAGUARI,4713,15,15.0
PARAGUARI,4776,2,2.0
PARAGUARI,4820,1,1.0
PARAGUARI,4832,1,1.0
PARAGUARI,4889,1,1.0
PARAGUARI,4894,7,7.0
PARAGUARI,4895,4,4.0
PARAGUARI,4896,9,9.0
PARAGUARI,4917,2,2.0
PARAGUARI,4940,2,2.0
PARAGUARI,5010,4,1.0
PARAGUARI,5055,1,1.0
PARAGUARI,5076,3,3.0
PARAGUARI,Administración de empresas y derecho,38,38.0
PARAGUARI,"Agricultura, silvicultura, pesca y veterinaria",4,4.0
PARAGUARI,"Ciencias naturales, matemáticas y estadística",2,2.0
PARAGUARI,"Ciencias sociales, periodismo e información",4,4.0
PARAGUARI,Educación,38,37.0
PARAGUARI,"Ingeniería, industria y construcción",1,1.0
PARAGUARI,Salud y bienestar,82,82.0
PARAGUARI,Servicios,4,4.0
PARAGUARI,Tecnologías de la información y la comunicación (TIC),3,3.0
PRESIDENTE HAYES,2446,1,1.0
PRESIDENTE HAYES,3078,1,1.0
PRESIDENTE HAYES,3079,3,3.0
PRESIDENTE HAYES,3136,2,2.0
PRESIDENTE HAYES,3294,1,1.0
PRESIDENTE HAYES,3470,1,1.0
PRESIDENTE HAYES,3519,2,1.0
PRESIDENTE HAYES,3554,1,1.0
PRESIDENTE HAYES,3555,1,1.0
PRESIDENTE HAYES,3556,1,1.0
PRESIDENTE HAYES,3672,2,1.0
PRESIDENTE HAYES,3985,1,1.0
PRESIDENTE HAYES,3998,1,1.0
PRESIDENTE HAYES,4001,1,1.0
PRESIDENTE HAYES,4009,1,1.0
PRESIDENTE HAYES,4012,1,1.0
PRESIDENTE HAYES,4017,1,1.0
PRESIDENTE HAYES,4020,1,1.0
PRESIDENTE HAYES,4051,1,1.0
PRESIDENTE HAYES,4148,1,1.0
PRESIDENTE HAYES,4159,1,1.0
PRESIDENTE HAYES,4173,1,1.0
PRESIDENTE HAYES,4197,1,1.0
PRESIDENTE HAYES,4211,1,1.0
PRESIDENTE HAYES,4224,1,1.0
PRESIDENTE HAYES,4247,3,2.0
PRESIDENTE HAYES,4259,7,7.0
PRESIDENTE HAYES,4263,1,1.0
PRESIDENTE HAYES,4264,1,1.0
PRESIDENTE HAYES,4284,1,1.0
PRESIDENTE HAYES,4291,1,1.0
PRESIDENTE HAYES,4293,1,1.0
PRESIDENTE HAYES,4357,1,1.0
PRESIDENTE HAYES,4366,1,0.0
PRESIDENTE HAYES,4473,1,1.0
PRESIDENTE HAYES,4484,1,0.0
PRESIDENTE HAYES,4496,1,1.0
PRESIDENTE HAYES,4547,2,1.0
PRESIDENTE HAYES,4601,1,0.0
PRESIDENTE HAYES,4702,2,1.0
PRESIDENTE HAYES,4713,4,4.0
PRESIDENTE HAYES,4776,1,1.0
PRESIDENTE HAYES,4834,1,0.0
PRESIDENTE HAYES,4889,1,1.0
PRESIDENTE HAYES,4940,1,1.0
PRESIDENTE HAYES,Administración de empresas y derecho,17,17.0
PRESIDENTE HAYES,"Agricultura, silvicultura, pesca y veterinaria",4,4.0
PRESIDENTE HAYES,"Ciencias naturales, matemáticas y estadística",2,2.0
PRESIDENTE HAYES,"Ciencias sociales, periodismo e información",1,1.0
PRESIDENTE HAYES,Educación,17,16.0
PRESIDENTE HAYES,"Ingeniería, industria y construcción",2,2.0
PRESIDENTE HAYES,Salud y bienestar,7,7.0
SAN PEDRO,1334,1,1.0
SAN PEDRO,2437,1,1.0
SAN PEDRO,2571,1,1.0
SAN PEDRO,2782,6,6.0
SAN PEDRO,2792,2,2.0
SAN PEDRO,2818,1,1.0
SAN PEDRO,2880,5,5.0
SAN PEDRO,3078,1,1.0
SAN PEDRO,3213,1,1.0
SAN PEDRO,3221,1,1.0
SAN PEDRO,3231,3,3.0
SAN PEDRO,3257,6,6.0
SAN PEDRO,3315,1,1.0
SAN PEDRO,3326,1,0.0
SAN PEDRO,3327,1,1.0
SAN PEDRO,3339,3,3.0
SAN PEDRO,3470,4,3.0
SAN PEDRO,3519,8,4.0
SAN PEDRO,3557,1,1.0
SAN PEDRO,3672,3,2.0
SAN PEDRO,3746,2,2.0
SAN PEDRO,3927,1,1.0
SAN PEDRO,3975,1,1.0
SAN PEDRO,3977,1,1.0
SAN PEDRO,3979,5,5.0
SAN PEDRO,3985,9,9.0
SAN PEDRO,3987,2,2.0
SAN PEDRO,4012,5,5.0
SAN PEDRO,4082,2,2.0
SAN PEDRO,4087,1,1.0
SAN PEDRO,4144,1,1.0
SAN PEDRO,4159,1,1.0
SAN PEDRO,4170,1,1.0
SAN PEDRO,4173,5,5.0
SAN PEDRO,4197,5,5.0
SAN PEDRO,4211,5,5.0
SAN PEDRO,4224,5,5.0
SAN PEDRO,4247,3,3.0
SAN PEDRO,4249,2,2.0
SAN PEDRO,4259,45,45.0
SAN PEDRO,4260,15,15.0
SAN PEDRO,4261,1,1.0
SAN PEDRO,4263,4,4.0
SAN PEDRO,4264,2,2.0
SAN PEDRO,4265,1,1.0
SAN PEDRO,4298,7,1.0
SAN PEDRO,4314,1,1.0
SAN PEDRO,4357,5,4.0
SAN PEDRO,4366,1,0.0
SAN PEDRO,4385,1,1.0
SAN PEDRO,4473,5,3.0
SAN PEDRO,4484,2,2.0
SAN PEDRO,4547,4,4.0
SAN PEDRO,4552,1,1.0
SAN PEDRO,4571,2,2.0
SAN PEDRO,4576,1,1.0
SAN PEDRO,4577,1,1.0
SAN PEDRO,4601,5,0.0
SAN PEDRO,4602,1,0.0
SAN PEDRO,4614,1,1.0
SAN PEDRO,4622,4,3.0
SAN PEDRO,4623,1,1.0
SAN PEDRO,4624,1,1.0
SAN PEDRO,4649,1,1.0
SAN PEDRO,4666,1,0.0
SAN PEDRO,4668,3,1.0
SAN PEDRO,4669,2,2.0
SAN PEDRO,4670,1,1.0
SAN PEDRO,4678,2,0.0
SAN PEDRO,4682,1,0.0
SAN PEDRO,4687,1,0.0
SAN PEDRO,4702,11,7.0
SAN PEDRO,4710,1,1.0
SAN PEDRO,4712,3,2.0
SAN PEDRO,4713,12,12.0
SAN PEDRO,4776,6,6.0
SAN PEDRO,4834,3,0.0
SAN PEDRO,4837,1,0.0
SAN PEDRO,4839,1,1.0
SAN PEDRO,4889,3,3.0
SAN PEDRO,4894,2,2.0
SAN PEDRO,4895,4,4.0
SAN PEDRO,4896,4,4.0
SAN PEDRO,4940,5,5.0
SAN PEDRO,5010,3,1.0
SAN PEDRO,5055,2,2.0
SAN PEDRO,Administración de empresas y derecho,51,51.0
SAN PEDRO,"Agricultura, silvicultura, pesca y veterinaria",12,12.0
SAN PEDRO,"Ciencias naturales, matemáticas y estadística",9,9.0
SAN PEDRO,"Ciencias sociales, periodismo e información",6,6.0
SAN PEDRO,Educación,64,62.0
SAN PEDRO,"Ingeniería, industria y construcción",5,5.0
SAN PEDRO,Programas y certificaciones genéricos,1,1.0
SAN PEDRO,Salud y bienestar,163,160.0
SAN PEDRO,Tecnologías de la información y la comunicación (TIC),18,17.0
